<?xml version="1.0" encoding="UTF-8"?>
<project-private xmlns="http://www.netbeans.org/ns/project-private/1">
    <editor-bookmarks xmlns="http://www.netbeans.org/ns/editor-bookmarks/2" lastBookmarkId="0"/>
    <open-files xmlns="http://www.netbeans.org/ns/projectui-open-files/2">
        <group>
            <file>file:/D:/Pessoal/Trabalhos%20do%20Senac/saude_bem_estar/src/models/Alergia.java</file>
            <file>file:/D:/Pessoal/Trabalhos%20do%20Senac/saude_bem_estar/src/models/ConsultaMedica.java</file>
            <file>file:/D:/Pessoal/Trabalhos%20do%20Senac/saude_bem_estar/src/dao/AlergiaDAO.java</file>
            <file>file:/D:/Pessoal/Trabalhos%20do%20Senac/saude_bem_estar/src/Relatorios/AgendaRelatorio.java</file>
            <file>file:/D:/Pessoal/Trabalhos%20do%20Senac/saude_bem_estar/src/Telas/TelaLogin.java</file>
            <file>file:/D:/Pessoal/Trabalhos%20do%20Senac/saude_bem_estar/src/dao/UsuarioDAO.java</file>
            <file>file:/D:/Pessoal/Trabalhos%20do%20Senac/saude_bem_estar/src/Telas/TelaExames.java</file>
            <file>file:/D:/Pessoal/Trabalhos%20do%20Senac/saude_bem_estar/src/dao/MedicamentoDAO.java</file>
            <file>file:/D:/Pessoal/Trabalhos%20do%20Senac/saude_bem_estar/src/database/Conexao.java</file>
            <file>file:/D:/Pessoal/Trabalhos%20do%20Senac/saude_bem_estar/src/models/HistoricoVacinacao.java</file>
            <file>file:/D:/Pessoal/Trabalhos%20do%20Senac/saude_bem_estar/src/dao/HistoricoVacinacaoDAO.java</file>
            <file>file:/D:/Pessoal/Trabalhos%20do%20Senac/saude_bem_estar/src/models/Agenda.java</file>
            <file>file:/D:/Pessoal/Trabalhos%20do%20Senac/saude_bem_estar/src/dao/ExameMedicoDAO.java</file>
            <file>file:/D:/Pessoal/Trabalhos%20do%20Senac/saude_bem_estar/src/Relatorios/ProfissionalSaudeRelatorio.java</file>
            <file>file:/D:/Pessoal/Trabalhos%20do%20Senac/saude_bem_estar/src/Telas/TelaMedicamento.java</file>
            <file>file:/D:/Pessoal/Trabalhos%20do%20Senac/saude_bem_estar/src/Relatorios/UsuarioSetRelatorio.java</file>
            <file>file:/D:/Pessoal/Trabalhos%20do%20Senac/saude_bem_estar/src/dao/ProfissionalSaudeDAO.java</file>
            <file>file:/D:/Pessoal/Trabalhos%20do%20Senac/saude_bem_estar/src/models/Medicamento.java</file>
            <file>file:/D:/Pessoal/Trabalhos%20do%20Senac/saude_bem_estar/src/Telas/TelaInicial.java</file>
            <file>file:/D:/Pessoal/Trabalhos%20do%20Senac/saude_bem_estar/src/dao/ConsultaMedicaDAO.java</file>
            <file>file:/D:/Pessoal/Trabalhos%20do%20Senac/saude_bem_estar/src/models/ExameMedico.java</file>
            <file>file:/D:/Pessoal/Trabalhos%20do%20Senac/saude_bem_estar/src/dao/AgendaDAO.java</file>
        </group>
    </open-files>
</project-private>
